Display,Recode Value
Tony Voskuil,1
Gerlinde Boekhold,2
Sylvie Essanovica,4
Bas Glabbeek,5
Bibi Peterszoon,6
Jacky Hogenbrug,7
Sjors Luijten,8
Lisa Kuipers,10
Tanja Nieuwkoop,11
Tinka den Oudsten,13
Wieger van Roermond,16
Famke Rozewater,17
Nancy Rozewater,18
Tim Smith,20
Timo Stoker,21
Florence Uittenwaal,22
Lisa de Vos,24
Duco Brinkman,34
Danny Kasteels,55
David Visserman,56
Alex van Petten,65
Youran van Slagmaat,75
Luca van de Zanden,400
Dirk Hartez,435
Peter Oosterbeek,1362
Christine van Beuningen,3423
